,NPLV,TST,C
0,512324,1650.0539795088487,0.04832290653551634
1,512327,1649.3343306681993,0.08382367188475767
2,512328,1656.2591698390574,0.1042667438988768
3,512331,1654.4391465872127,0.07888284992700109
4,512333,1652.1981447161652,0.10153138630759392
5,512339,1673.6637699388707,0.07347383015684746
6,512344,1663.8149641621542,0.07416859900563674
7,512348,1658.7013679889985,0.045581361470107655
8,512349,1657.8864697262086,0.0410181877298545
9,512350,1639.6319757875688,0.24094791053441977
10,512352,1665.826498931003,0.07277246416480873
11,512354,1670.9865814132731,0.04251574045957001
12,512355,1660.048870111669,0.06394038617242735
13,512356,1673.0698448210107,0.059900050329653766
14,512358,1669.452767101935,0.053027354334613225
15,512361,1676.0183955643313,0.060794175874760104
16,512362,1674.2498665553876,0.06001181657243834
17,512363,1655.5311946967493,0.07696122372643255
18,512366,1674.2001900253078,0.046639114718613164
19,512367,1674.8207579665511,0.05481629015328206
20,512368,1665.5650761008387,0.05131533468121339
21,512369,1657.349068697181,0.043937048112607
22,512370,1662.1131302225313,0.06325418003935473
23,512371,1665.272488675579,0.04604418808293747
24,512372,1662.1163858088871,0.05667745003192574
25,512373,1656.6724813667502,0.040446420612356065
26,512374,1664.549310273921,0.05861684258254109
27,512375,1666.011800535798,0.05533180951740499
28,512376,1667.6933832817097,0.04062482242077063
29,512377,1668.2780063644082,0.056944965131772156
30,512379,1658.1628716253363,0.05141290731555566
31,512380,1669.0009639002124,0.06179100768502145
32,512381,1635.9185525039538,0.09427434201820858
33,512382,1661.866368821517,0.047867488117149554
34,512383,1665.317460467658,0.03796362271139318
35,512384,1668.1520684299298,0.05617455930825678
36,512385,1659.3650301885928,0.04365856568015051
37,512386,1675.1602094041,0.05122781118187244
38,512387,1642.1851511105258,0.2526271735163901
39,512390,1667.6652495377225,0.047672268875879276
40,512391,1664.4546953442066,0.07066473479724236
41,512392,1664.4777594196507,0.03874597448117199
42,512393,1667.5942308969366,0.06339824592195012
43,512394,1667.7765621281908,0.05584667374176227
44,512395,1660.686622185387,0.05724746927913136
45,512396,1658.531072416212,0.04278043033226026
46,512397,1664.8172653141162,0.043058158283329984
47,512398,1654.5518814325615,0.038876675542619456
48,512399,1671.2605203088585,0.04478574616205024
49,512402,1660.275996677849,0.06590132189580886
50,512403,1666.422994360806,0.03983486418856522
51,512405,1669.587168010518,0.041026315025683636
52,512407,1664.8489254823662,0.06289747871570137
53,512408,1673.3738533866244,0.045446638857361235
54,512409,1668.80924794528,0.05982520762703873
55,512410,1665.9319095313451,0.058562853348187116
56,512411,1671.0917603965318,0.046160431953715546
57,512412,1660.5070658581758,0.04647111315107305
58,512413,1667.3218897342028,0.051208112647848344
59,512414,1663.1221837267444,0.0744769184006846
60,512415,1655.8557123851388,0.11663088126528469
61,512416,1663.0368626054847,0.058779779075997546
62,512417,1673.4932197528128,0.05143253283740332
63,512418,1665.9775465611128,0.03959264896009962
64,512419,1669.9540077607978,0.047565997206269126
65,512420,1667.4203322492701,0.048944878123134014
66,512421,1679.857673633761,0.06140890437705852
67,512422,1660.088086110033,0.04210782574270745
68,512423,1663.0555335354177,0.06820786600074627
69,512424,1653.4575164677155,0.08600311026812221
70,512425,1668.6948902563545,0.056603076868857086
71,512426,1664.3787872093305,0.045932587617185223
72,512427,1664.79226882103,0.03999757733701142
73,512428,1660.4627758517104,0.03843249200713437
74,512430,1644.1669081691741,0.4125887164292304
75,512431,1659.343393097598,0.048470897293832256
76,512432,1657.6303373964106,0.04058105683966737
77,512433,1669.8818859656621,0.04017614199618649
78,512434,1656.8413145170396,0.06162363403036979
79,512435,1648.3493929560618,0.04710415003877892
80,512436,1651.0222940966582,0.07265944851460697
81,512437,1659.4137230701706,0.04084816027120265
82,512438,1645.6659429139484,0.08774229694163149
83,512440,1667.0218946181283,0.06824325884882272
84,512442,1658.702248707005,0.04378247637501428
85,512443,1673.1943807199177,0.04342038110223605
86,512444,1650.4072194227037,0.08623491766654748
87,512448,1647.7264367464888,0.055939007107134384
88,512449,1644.3294865555947,0.04380994144454004
89,512450,1656.0358707347368,0.0406946530963592
90,512451,1651.5170883865703,0.03941729372002548
91,512452,1659.338743570126,0.05493407981151166
92,512453,1651.177288195752,0.04062169765918317
93,512454,1660.629756743015,0.048525595741618216
94,512455,1664.1128620560435,0.047717482932136554
95,512456,1652.8584391200475,0.04761912364983846
96,512461,1661.366869805167,0.041305399569664905
97,512462,1655.7608135811852,0.040137000812333026
98,512464,1666.052254543799,0.04383010945251438
99,512469,1661.4116262834204,0.07975430169213163
100,512471,1660.4312301648463,0.03819816713702941
101,512473,1658.9761073176364,0.05356243918431353
102,512474,1667.2677257440703,0.06656693252572418
103,512477,1650.5217698472159,0.05014284123435356
104,512481,1657.4243163479368,0.0666283013962456
105,512482,1649.8546195272445,0.06190216487171639
106,512485,1664.4501684397424,0.05751647677818882
107,512489,1659.9647551410703,0.07420254568909063
108,512490,1664.5299934828518,0.04798015825303214
109,512491,1660.084041488793,0.048789612482663246
110,512492,1664.9866703197688,0.03730081163787609
111,512494,1649.8627420707787,0.058316084942777686
112,512496,1678.2340044487166,0.035834603944254584
113,512497,1670.6577363821862,0.04872291888377037
114,512499,1669.9998697693632,0.050597466716962775
115,512500,1673.9579025004111,0.0401156957521048
116,512501,1661.1627846525735,0.04270916986350246
117,512502,1667.5753006186878,0.05103038234566989
118,512503,1664.7368795512712,0.051216099112550616
119,512504,1664.403902896863,0.045767847390992496
120,512505,1663.8197408824894,0.04066208088699845
121,512506,1663.5200878107112,0.04603468505583889
122,512507,1669.2550065427229,0.04657968560398057
123,512508,1665.9115598774308,0.05672812668513769
124,512509,1665.2471544876635,0.05081597191313995
125,512511,1655.0244703022745,0.04990281767302593
126,512512,1664.730653127003,0.050150657428159114
127,512513,1662.9758584220751,0.058728366375094994
128,512514,1663.6126098528996,0.04950117466694424
129,512515,1658.7956989771533,0.05895877683295309
130,512516,1655.937071282296,0.05920077900494537
131,512517,1661.2060938136829,0.0579457333155551
132,512518,1659.4365471541864,0.054033663620214625
133,512519,1657.7533412575258,0.06316250937272001
134,512520,1645.8413661328727,0.06616829186940994
135,512521,1644.9196778796083,0.06623069534492858
136,512522,1644.7125764769162,0.06000777597148451
137,512523,1652.9542676440094,0.054318366536409625
138,512524,1654.7584343775015,0.0388555373883543
139,512525,1656.2204236308812,0.05084657841087398
140,512526,1650.4962610280654,0.06040491821583765
141,512527,1658.0282136776234,0.06299133797290707
142,512528,1649.3808067751963,0.054352842727931935
143,512529,1654.9754551155022,0.05954904203769577
144,512531,1664.3649898066094,0.04924752248373098
145,512532,1661.6974300797394,0.05390945663600112
146,512533,1657.2426260463542,0.050973021471038556
147,512534,1647.0188434986892,0.06508567954651305
148,512535,1656.8109831717534,0.05561458842073326
149,512536,1654.657001367437,0.05910667613629349
150,512537,1652.8858273306587,0.04703397932554232
151,512538,1652.8062769906871,0.048872780511972566
152,512539,1660.9928092762063,0.05861727021443816
153,512540,1660.1841448262342,0.051132596738486545
154,512541,1649.5724010860433,0.07556980605722927
155,512542,1661.5578052667556,0.0461560267438768
156,512544,1661.939583355063,0.04215888411556428
157,512545,1662.3351457810977,0.057893189299203465
158,512546,1660.0441658262769,0.048819721335190344
159,512547,1659.7394771163003,0.04176990201033821
160,512548,1660.5592066614506,0.041083092422705955
161,512549,1661.9770012407726,0.0548615076809521
162,512550,1657.3986056325061,0.0691725671121281
163,512551,1658.7500142470976,0.07470338892939715
164,512552,1661.8456075418048,0.061999230356501574
165,512553,1651.0603270294632,0.06305423500013575
166,512554,1662.8158958559984,0.0514780846908174
167,512555,1666.713036989651,0.058981299634372056
168,512556,1653.9082349322948,0.0688009499453912
169,512557,1657.7446281342714,0.05144231926325154
170,512558,1655.7148142232093,0.0592400169903821
171,512559,1653.063934618608,0.05194569117509175
172,512560,1658.9521578065012,0.056246402300479524
173,512561,1659.1415262694131,0.054041956641275826
174,512562,1662.0159398953595,0.06332047580957492
175,512563,1654.352441966018,0.04721212349094042
176,512564,1654.531918322215,0.059988489747105134
177,512566,1654.3825760892578,0.05149028700119883
178,512567,1653.594574293965,0.0501564002397737
179,512568,1652.5269759078676,0.04842556878214402
180,512569,1645.1473445060328,0.06028101369445892
181,512570,1652.6760107519115,0.05959536449886732
182,512571,1653.5544563968372,0.057242174902140175
183,512572,1656.439577427153,0.06548718176754173
184,512573,1652.1509065908972,0.07354661119889355
185,512574,1648.4266479707237,0.06605155293381369
186,512575,1648.7958763360784,0.060368821322490634
187,512576,1649.6130689145314,0.05169574457296878
188,512577,1639.084318525774,0.06546843582691467
189,512578,1645.5915587653014,0.06165727252560618
190,512579,1656.5232454638299,0.0592201147253077
191,512580,1661.717339576766,0.04250163527063401
192,512581,1660.9744719762568,0.03870968646136481
193,512582,1664.113717565491,0.04640999967495277
194,512583,1661.2800591767104,0.050159869165868606
195,512584,1661.009692739246,0.042815478526857666
196,512585,1659.430220315,0.04022831342426985
197,512586,1659.9212109953223,0.041378649618851716
198,512588,1652.3742058926955,0.06625376683485729
199,512589,1657.121188665551,0.055009361867891356
200,512591,1661.265829468286,0.06292311471785829
201,512593,1659.3959293305015,0.044054737231086945
202,512594,1655.967238431118,0.06443483198858883
203,512595,1655.9227915305162,0.07075039906662825
204,512596,1654.3988680742052,0.06240909147108572
205,512597,1662.4715512161497,0.05851172469330907
206,512598,1655.536243241751,0.049997963968160655
207,512599,1656.4278592269743,0.06613766953875025
208,512600,1659.315137700375,0.05327347011484838
209,512602,1649.4682906437445,0.056233682033247634
210,512603,1660.294588015103,0.06653017791387007
211,512604,1658.6066696989537,0.0666458893657784
212,512605,1654.0782550377512,0.06932694984214001
213,512606,1653.239097194017,0.07309343250263975
214,512607,1652.6040430159292,0.049004276505483155
215,512608,1653.8337155397294,0.057506911616980655
216,512609,1639.5422812032846,0.04873341705887981
217,512610,1646.3764100542305,0.05476643796613812
218,512612,1642.7891627131407,0.056678142860855395
219,512613,1664.4746386813504,0.07316362328561249
220,512614,1654.4141742794543,0.055525174035981444
221,512615,1646.693778836708,0.051050107949802734
222,512617,1655.691191378265,0.04785270190786611
223,512619,1654.059329250177,0.05343414117236477
224,512621,1655.672502367613,0.06438184372112676
225,512626,1658.4615269598144,0.05748022762888036
226,512627,1655.932652488811,0.06193120265696901
227,512628,1661.4034661315518,0.0462242931716945
228,512629,1657.1339735749643,0.07589858965627676
229,512630,1650.7426658204627,0.05240953369210057
230,512631,1646.3652762172499,0.09529901991453753
231,512632,1660.486865907256,0.06102036859787653
232,512634,1646.5285263714945,0.0477937215555513
233,512635,1655.37598992407,0.08580445979384321
234,512636,1654.6570394985158,0.06438340324556775
235,512637,1658.958920891789,0.05811461226751782
236,512642,1652.0920450003969,0.06517526214606126
237,512644,1660.7802472790372,0.03980660466390164
238,512647,1649.254947660576,0.06738782956449178
239,512649,1647.1012478430991,0.08738375242975277
240,512650,1662.2145850955465,0.09834945116427043
241,512651,1642.8074413353827,0.08238301596295111
242,512652,1657.2975880424196,0.08099907306160488
243,512653,1660.5042992276717,0.08056077262553822
244,512654,1662.2165792547469,0.09805194104602818
245,512655,1653.8265671231343,0.0648668015600404
246,512656,1655.2103880739594,0.09244844741556911
247,512658,1641.7118798782212,0.10144582384880713
248,512659,1655.686779447354,0.08172410227977389
249,512660,1651.7341077732963,0.08692416668914213
250,512661,1661.1402399756057,0.09002755427906628
251,512662,1651.6086572847819,0.07429879128175318
252,512665,1649.5810119570242,0.0745037755934159
253,512667,1668.4856407543177,0.07139574322938759
254,512669,1653.503836682954,0.06591279279479434
255,512670,1662.0296949772141,0.07264954637109355
256,512671,1666.8548820464434,0.06771937642560526
257,512672,1666.7594968649953,0.08354129433932454
258,512674,1662.5743006910263,0.09136363532153417
259,512675,1654.6808187634504,0.06829353943498385
260,512676,1660.7127730216912,0.04132491757848417
261,512677,1657.4294314957913,0.053549438567791485
262,512678,1659.9503151925028,0.03974602627676266
263,512679,1656.8816716796393,0.03672520271321401
264,512680,1660.1512008747286,0.03995081504759865
265,512681,1647.302040473727,0.0760908588857959
266,512682,1666.586468908568,0.05897082528571202
267,512683,1669.7266639366562,0.06324722780330985
268,512684,1668.0317062154081,0.05894852293387356
269,512685,1659.8945007847458,0.0609979498587722
270,512686,1664.1623071814095,0.05896477283736187
271,512687,1665.0727299034268,0.03767530423045272
272,512688,1661.9251149800257,0.05492512203181334
273,512689,1670.1558392829681,0.06126106592338362
274,512690,1671.9931248409769,0.03862793449049308
275,512691,1663.3389772159699,0.06450975925556347
276,512692,1670.503496273571,0.06429218033179013
277,512693,1657.4634326599053,0.07182137290267723
278,512694,1662.093385254521,0.04138112216931235
279,512695,1651.1120117876278,0.06312278888419079
280,512698,1658.355028694523,0.06242403491996469
281,512699,1653.2394401673957,0.08758038272709545
282,512700,1651.375469568166,0.06170317577827707
283,512701,1652.8771619127676,0.06588049479786177
284,512702,1661.5242564501968,0.06078948033228545
285,512704,1662.2028096174104,0.05125090429960742
286,512705,1662.2541227645627,0.06089083612140474
287,512706,1664.717967645972,0.0552932898246458
288,512707,1655.2278475774467,0.06901869694798696
289,512708,1659.4909380288123,0.062271587120391395
290,512709,1668.8691925112155,0.06581625591641933
291,512710,1666.0836277795613,0.06445392432563009
292,512711,1660.8227698755811,0.05851234563972973
293,512712,1656.9607909809624,0.0761794407787121
294,512713,1669.236531759895,0.063049814735211
295,512714,1661.279944180829,0.04809048793722128
296,512715,1658.8007607249936,0.0651223658641557
297,512716,1659.9529387959883,0.044607735422410665
298,512718,1658.4551380221053,0.06404480371301405
299,512719,1661.8689782253884,0.052080468625319766
300,512720,1661.3609533537854,0.06088285162399062
301,512721,1660.145774707535,0.06853350893343287
302,512723,1656.4234431535356,0.04895819121547476
303,512725,1662.9103133842002,0.05192860351580586
304,512726,1664.1050574866251,0.07459136068559659
305,512727,1660.1504515236052,0.09035267617671547
306,512728,1661.588235893168,0.07234424227730958
307,512729,1658.008850780067,0.0635936555226116
308,512730,1650.6042738393207,0.09297586928828822
309,512731,1651.8969765252368,0.07834337257031174
310,512736,1664.200887099472,0.045687916892092596
311,512737,1655.0513511810666,0.04866020831494763
312,512738,1666.5970267593084,0.044705693127010344
313,512739,1656.8091391206308,0.0749403130529583
314,512740,1669.3632403164333,0.06377949549186332
315,512741,1668.637681721487,0.04439397940764856
316,512742,1668.0932645593089,0.051725208765990925
317,512743,1661.435081364427,0.05310070238699061
318,512744,1662.475669307126,0.058437477020022374
319,512745,1665.3043243345865,0.06409900431386947
320,512746,1669.0247666259818,0.057378352267119404
321,512747,1649.9947836284578,0.09005424939994423
322,512748,1653.4268675473384,0.06072643611899723
323,512749,1667.8183747236424,0.07247161741927749
324,512750,1662.6808255840097,0.0645638939647127
325,512751,1649.1987118292984,0.06724483967033974
326,512752,1648.0618228123212,0.0811714595408803
327,512753,1646.3047908536023,0.06443881869119507
328,512754,1651.5200949993525,0.06660000974636657
329,512755,1644.5803730291514,0.09111243845476912
330,512756,1660.1826858325123,0.06353689966655474
331,512757,1659.7658911871993,0.05875844061897113
332,512758,1656.5751709541178,0.057546133550698
333,512759,1653.9816281684593,0.058906039443814506
334,512760,1655.9434192714266,0.06897485110020705
335,512761,1655.516747026982,0.05811546273605583
336,512762,1661.4349487386658,0.05399868055574212
337,512763,1652.7953941487856,0.06099269945577611
338,512764,1658.5254129267767,0.0662956817284286
339,512765,1637.2827664904007,0.06329503876725012
340,512768,1657.6915447110898,0.06640039824793748
341,512769,1653.507151727121,0.04867781316465621
342,512775,1666.6857177054678,0.05195354492523189
343,512776,1661.4563020090561,0.06581993681613749
344,512777,1666.0543183693958,0.07597138590537181
345,512778,1669.8756161005613,0.06485335056281735
346,512782,1662.981113777639,0.07073455011758098
347,512788,1663.8872354397427,0.07793730039574687
348,512793,1660.262306319405,0.06659209239125592
349,512796,1663.9918375770574,0.06328807517419394
350,512797,1651.8416081362932,0.059495929636481024
351,512799,1664.0081232361824,0.06698822832393751
352,512800,1658.1497006364468,0.059306199508040586
353,512801,1660.4794812610585,0.08648367904571627
354,512802,1668.8961862972583,0.06921571467945357
355,512803,1646.318547802833,0.08779189321314178
356,512804,1656.5205707179816,0.053777094700968475
357,512805,1650.2320501851486,0.09427991887859075
358,512806,1645.6047173096351,0.07072441313716686
359,512807,1647.3493645381327,0.06837179245468329
360,512813,1666.6274087565603,0.06597592334501545
361,512814,1666.6954338086023,0.06526202277903609
362,512815,1665.775360803154,0.07052970634132862
363,512819,1662.6587501170022,0.08541960126457837
364,512821,1651.0771552160882,0.06323175787636787
365,512823,1666.4394123468635,0.05365056034780142
366,512824,1665.6251799834483,0.06192206015668401
367,512825,1668.1577548407383,0.07397311396243236
368,512826,1643.8082228828528,0.07248133267027634
369,512829,1630.4509664159987,0.3842704363403596
370,512830,1653.5899987570851,0.07582081128754639
371,512832,1636.6346265284615,0.39617838364188873
372,512833,1648.4139246506672,0.09725960394069816
373,512834,1638.3023511061015,0.340110072841129
374,512836,1643.6379355078748,0.09121865177639257
375,512838,1648.9363457504408,0.07211226149046263
376,512839,1644.9540095540638,0.06695526948978943
377,512840,1643.5734513360887,0.07049196720047803
378,512841,1640.2730650915407,0.07520264945005828
379,512842,1641.5426004018336,0.08043498118599171
380,512843,1646.2379765018297,0.06158438568473249
381,512844,1651.733236859867,0.0570685981706085
382,512845,1639.2657399761604,0.08557318756990309
383,512846,1648.8320199873685,0.06050723856975508
384,512847,1656.8246246719398,0.05371518211829995
385,512849,1644.4304194686936,0.06342061571079559
386,512850,1641.1603132172747,0.05020538883426224
387,512851,1654.0042807971151,0.06436320718746777
388,512852,1650.8236293748657,0.06720050771961122
389,512853,1652.1079165612164,0.0873056396869398
390,512854,1655.6877620649236,0.0506185022730008
391,512855,1659.155207503783,0.06127151596498884
392,512856,1651.4716707959587,0.0920870391380545
393,512857,1653.1712280438196,0.1027097210592026
394,512858,1650.0289291051645,0.06947362334704558
395,512859,1656.8656781657496,0.07262372473217957
396,512861,1671.0049612255777,0.04144338300013536
397,512862,1668.892353595522,0.04718824335938717
398,512863,1661.8295388185804,0.03745671557664021
399,512864,1659.431925543411,0.05952297415510221
400,512865,1635.8659293718013,0.06858988524406122
401,512866,1647.0667372250778,0.06548406312432734
402,512867,1661.4002315696,0.04266291678060656
403,512868,1652.2772644487825,0.05299549971438358
404,512869,1646.5294643887069,0.0443925938197203
405,512870,1654.5759419412982,0.0552477039464593
406,512871,1651.672945642708,0.06373293895039286
407,512872,1649.1200259856796,0.08659121473009224
408,512873,1654.964095737532,0.05399522064365127
409,512874,1656.4234112508952,0.10310736967346211
410,512876,1651.9801549049855,0.06367279868162234
411,512878,1660.1390755289813,0.05887799816328074
412,512882,1655.9820086603027,0.07504653880433404
413,512884,1665.2637643917928,0.05891440255710015
414,512885,1663.0416887216174,0.07725766958650619
415,512887,1661.9756578201377,0.06325433014205797
416,512888,1655.593986240704,0.09099941391857688
417,512891,1662.4754904010051,0.08685559320004585
418,512892,1659.8999167195182,0.09228444692926521
419,512893,1671.0869843185683,0.06980215234958258
420,512894,1661.7773930602361,0.06217269783671496
421,512897,1653.7877635153513,0.06228068077617018
422,512898,1654.4461472754952,0.08295512605123158
423,512899,1656.9936328705337,0.05104896763795173
424,512900,1647.2604581269848,0.07090902188190211
425,512901,1652.7599121373448,0.07252721893276579
426,512902,1655.8565911678897,0.042355662347826256
427,512903,1667.1626308053426,0.04443149414782141
428,512904,1661.947091598194,0.06379867965953437
429,512905,1656.8994659914897,0.07325806129197457
430,512906,1655.0089782899197,0.04083793888702408
431,512907,1653.099810498841,0.07333405125831102
432,512909,1614.613594061829,0.10463012812898735
433,512910,1664.097009206104,0.040107355271771644
434,512911,1659.3598384187455,0.03985671414062449
435,512913,1660.6194388148876,0.045504362672412854
436,512914,1659.9956202484393,0.047885773621063506
437,512915,1651.0774039554294,0.032194444191870786
438,512917,1651.0677076434347,0.05647718987749923
439,512918,1648.2154635963348,0.05239186613797126
440,512919,1651.6519855564625,0.06794842185549115
441,512923,1645.094042284841,0.07100415857581187
442,512925,1642.6833352745327,0.09361143958688409
443,512929,1641.4430191396436,0.06733523401650346
444,512931,1642.6876145354636,0.0549948888555445
445,512933,1662.5906153282062,0.06942219524252728
446,512934,1664.560256678531,0.06201143696613144
447,512935,1663.340751264037,0.05160754490520713
448,512936,1662.139147370179,0.05957551559105487
449,512937,1653.9712181637028,0.05733273690554141
450,512938,1653.7033442553832,0.07228692689431754
451,512939,1655.434265857472,0.08296387279790719
452,512940,1655.6333985012338,0.05037902797241425
453,512942,1650.0658716351766,0.061422340373192254
454,512943,1655.0143599381863,0.08118191686668524
455,512945,1669.2247234679637,0.07173336644372066
456,512946,1658.2728290589828,0.05093991169088105
457,512947,1658.2433758178206,0.05540210623591262
458,512949,1660.9122396339537,0.05134624476223077
459,512951,1652.1749583747296,0.03395532880478705
460,512952,1656.8983507176208,0.060547570213195505
461,512953,1658.1586976765902,0.03674991189220559
462,512954,1657.2630375647054,0.06429637348245401
463,512955,1651.0242477280724,0.05055586326823885
464,512958,1658.5797809084277,0.06796099330357033
465,512959,1652.5092091885156,0.05399414118177612
466,512961,1648.46837844307,0.06816311711508438
467,512962,1661.1233679541429,0.0597846783612452
468,512963,1649.6076692229894,0.054436231987041984
469,512965,1657.0741743783142,0.048976465518903715
470,512966,1653.9103619551488,0.062330098225042846
471,512967,1643.7186610783333,0.0652309425409782
472,512970,1659.5779612382446,0.06410777164109094
473,512973,1653.2934695788074,0.10413395311980778
474,512974,1636.5762278435109,0.10127812782936924
475,512975,1648.8056063824665,0.06373397151142465
476,512976,1651.0051317077616,0.06679659704958445
477,512977,1650.9478068145668,0.06153034959319775
478,512978,1649.6441754266575,0.06501321348673933
479,512979,1652.4283028738164,0.07915480930313441
480,512980,1647.431023832998,0.10342325177872635
481,512982,1650.135575745838,0.060736131102796125
482,512984,1657.4638346364006,0.061311122862927885
483,512986,1650.5746880837135,0.0704041544353384
484,512990,1656.4091903895417,0.04428409540030852
485,512991,1637.1040804297636,0.045558283057059924
486,512992,1640.7936524327079,0.04787919684452863
487,512993,1639.1675430752657,0.05855007033094153
488,512994,1649.403321923684,0.06108197964517998
489,512995,1638.2409678669014,0.03967803469665633
490,512999,1659.1200367237996,0.0522917311121696
491,513000,1656.8431594258402,0.04319477342245554
492,513001,1654.66863574107,0.04955425562996214
493,513002,1654.6935187484426,0.03953729570467272
494,513003,1654.180377245053,0.04323091971915006
495,513004,1650.8347305701318,0.05816641938161084
496,513005,1649.2010015993299,0.053674664699567096
497,513006,1657.8197659533898,0.05443099232636383
498,513007,1651.3724616776326,0.04149119602813968
499,513008,1643.2775906324368,0.14922461867967296
500,513009,1655.3958974660036,0.052389560016613136
501,513010,1662.84549411991,0.05992553364175425
502,513013,1657.3051727123104,0.05180176495878223
503,513015,1657.550670103998,0.05113959029779403
504,513016,1654.6887196400726,0.06127435939733407
505,513017,1652.9637271938993,0.058191856121356994
506,513018,1663.8321885510652,0.04743258728463144
507,513019,1639.738017965949,0.05857409585104947
508,513020,1658.549223070642,0.047257579894151885
509,513021,1654.8410915199659,0.056014899591427504
510,513022,1658.9508878573952,0.05200643110534136
511,513023,1652.6436248351245,0.061796779847477785
512,513024,1650.6211929314693,0.09485498939985235
513,513025,1645.0069083969383,0.09124454258455986
514,513028,1649.1498677800905,0.08543395472821945
515,513029,1654.0100574217631,0.07464522104760898
516,513030,1650.3489254486149,0.03872306298799922
517,513034,1645.2219973369893,0.06983498929484847
518,513036,1651.48404885019,0.049428193771023685
519,513038,1650.1741891476506,0.039452388856980124
520,513042,1638.6713742848601,0.07222474297122655
521,513047,1654.0325175917242,0.04150327127376609
522,513049,1636.1460522755376,0.10091005119229308
523,513051,1649.3963533777955,0.05883342209195043
524,513056,1652.982919081608,0.06008222685428543
525,513057,1644.8432683207761,0.0759331733092387
526,513058,1647.3617483167848,0.0586183533773041
527,513059,1663.0703173684028,0.06638347096544442
528,513060,1659.9652269210478,0.052599681185626704
529,513061,1661.0631947410002,0.04665505564971426
530,513062,1666.4901374304732,0.048008354990847484
531,513064,1657.2710804589972,0.04768364064029122
532,513065,1651.8968981224155,0.06476791244300271
533,513066,1659.345315479755,0.06556195231236078
534,513067,1657.1289533813163,0.07896360838205137
535,513068,1656.5459046282188,0.05923578783762705
536,513069,1661.1104054153018,0.05329826685706268
537,513070,1652.781003543838,0.061762349692357076
538,513072,1640.7810195325835,0.07502059130459837
539,513073,1651.3732732944347,0.0642291599800567
540,513074,1649.6853756999003,0.058446559345948515
541,513075,1652.3415338776852,0.06498677066835803
542,513078,1643.1780880487536,0.05188258706992803
543,513079,1644.8729039536097,0.060544605356550485
544,513080,1658.1051181845762,0.049117470290778675
545,513081,1652.184206182998,0.048121385387332266
546,513082,1662.9026950411221,0.05369747370248566
547,513083,1659.5191796447616,0.05441772061105387
548,513084,1652.4374282291178,0.07943734123636176
549,513085,1659.5788294616139,0.06443861557094661
550,513087,1663.7210927421033,0.054258528125746344
551,513088,1663.3002505940099,0.0545813488700031
552,513089,1662.0103635790028,0.057094680401204835
553,513091,1665.7981785869683,0.04885243443624349
554,513092,1674.0293024512446,0.059766522961573185
555,513093,1670.7140709914197,0.05137758810925673
556,513094,1661.4524564855185,0.06284153899858044
557,513096,1667.7042871685442,0.06258296499551909
558,513097,1661.8328326716621,0.05456810625860026
559,513098,1656.353288376761,0.05873478100537077
560,513099,1660.2275967982346,0.0554053759732829
561,513100,1653.8843910093046,0.06662135008062413
562,513101,1656.1103161667452,0.04591549314467004
563,513102,1649.1661026202505,0.04674362333956815
564,513103,1662.9833111048918,0.053462521371431565
565,513105,1656.50432265225,0.052998490299398494
566,513106,1648.0813359120286,0.07451195092766495
567,513107,1662.1101111118287,0.0719209523133236
568,513108,1650.180609232486,0.03279417305979425
569,513109,1654.7195902962471,0.046754233621177074
570,513110,1656.3187035770725,0.06815413386036956
571,513111,1659.0120178763445,0.05194068713310344
572,513112,1648.0264869028558,0.092301959353514
573,513113,1646.6830096129077,0.06584786606668187
574,513114,1647.1423099171184,0.07222630838591888
575,513115,1658.1623769517691,0.061060768617454526
576,513116,1658.936153969893,0.04473238067491603
577,513117,1647.345849241046,0.057636482155780995
578,513118,1656.8710880638373,0.057109654704671546
579,513119,1651.1150465025978,0.06236852814985161
580,513120,1657.2943123663188,0.0658579940839202
581,513121,1655.5976811541766,0.05336086066430568
582,513122,1656.8734120188453,0.054581921317405004
583,513123,1661.5824143416687,0.06015535664201823
584,513124,1657.5559156805773,0.055732180228157194
585,513125,1648.392696572822,0.10324296556176264
586,513126,1650.464762631786,0.05997518668725014
587,513127,1652.9690155341514,0.05458062160413962
588,513129,1635.9582765875862,0.10509359448191996
589,513131,1651.957465010752,0.06807213218763183
590,513134,1656.1801537986162,0.08748517024670036
591,513136,1662.1156708954031,0.05568530068130702
592,513139,1657.6805826480233,0.05551885215890071
593,513140,1659.8537549533603,0.03937600021561233
594,513141,1653.8393045503803,0.04254866856691549
595,513143,1655.9248879774777,0.07778526296118338
596,513144,1658.5207428002473,0.06572652613618672
597,513149,1651.9622187390105,0.08429766300195178
598,513150,1657.4607429410587,0.08648166511380934
599,513151,1648.125950287215,0.052676874894697176
600,513153,1657.4369542913544,0.058656137273382994
601,513154,1642.507086336622,0.08837645663366585
602,513155,1649.9701334750719,0.08716230483104119
603,513156,1655.5563461810007,0.06271782195219988
604,513158,1655.481835819335,0.07193254458087958
605,513160,1651.417705965443,0.06447790500123037
606,513161,1654.7564842086933,0.05845050795870943
607,513162,1661.1672964511163,0.0636627627235721
608,513163,1642.4889710475318,0.07095720584012272
609,513164,1650.5622020193118,0.06069588112969073
610,513165,1653.6226852479074,0.045490123990778376
611,513166,1655.0341760808324,0.05165834691448485
612,513167,1653.7848947230427,0.05010071634711414
613,513168,1649.907610971767,0.05951243849747733
614,513169,1657.1668978987955,0.05168558839944291
615,513172,1651.2193596752224,0.05573198979531521
616,513173,1662.4990178379685,0.0482515668803331
617,513177,1648.7383093243614,0.08647319785435933
618,513178,1652.34339217462,0.09366400680452117
619,513179,1650.2853174985225,0.08575301036147795
620,513181,1654.429558739826,0.06851330132618176
621,513184,1654.7143171207297,0.05215311491189084
622,513185,1662.7960066736175,0.052198564578608206
623,513186,1664.1951432441053,0.04366675006187875
624,513187,1658.0708036247977,0.05610525821084161
625,513188,1641.9604260175256,0.08451153687565241
626,513189,1634.446170627286,0.06514519637771261
627,513190,1649.2654679687826,0.061265534473171825
628,513191,1656.7030562851735,0.07393523151191703
629,513192,1651.0463218947577,0.06420056350379699
630,513193,1656.4060628440461,0.0706582110196888
631,513194,1644.5837507238705,0.07928787656431764
632,513195,1646.325337595504,0.09573124482265215
633,513196,1653.0694202118593,0.06279010178846628
634,513197,1663.6300032364811,0.05092466239505923
635,513198,1656.1810198594824,0.062161956128923834
636,513199,1648.3177305539925,0.0488519913996768
637,513200,1654.0520984639365,0.06668236070302544
638,513203,1659.2489019492982,0.0792946217649509
639,513205,1644.9805016883492,0.061844213408678274
640,513206,1657.671264105253,0.10141433405720082
641,513207,1649.0952345424143,0.06681287556613923
642,513209,1651.0433550088385,0.07629718138402361
643,513210,1658.4354240431821,0.07461453529208256
644,513211,1655.4783402656626,0.07841148280309992
645,513212,1660.236700349566,0.03836410067825289
646,513213,1654.0593820678164,0.06381279160677186
647,513214,1656.045777696177,0.0658296815155009
648,513215,1653.3082264890222,0.07128383714091248
649,513217,1657.4318355081987,0.06268438573421269
650,513218,1656.5150267931117,0.05403679567834482
651,513221,1655.0454066945804,0.08542279089535897
652,513222,1652.7991253882565,0.08313600895788113
653,513224,1664.0614221582293,0.08767201028103225
654,513225,1652.0873818911966,0.07900808876533372
655,513226,1662.555038350266,0.06973968743737874
656,513227,1657.9255245432562,0.05738111571575908
657,513228,1658.5030982007934,0.09677218486480896
658,513229,1647.5829539527133,0.06351861495219245
659,513230,1658.7419669357482,0.05686172208758935
660,513231,1655.030703671638,0.08475502241687978
661,513232,1657.7402148702788,0.06572266316331629
662,513233,1653.6346752628942,0.06818122503151815
663,513234,1659.4123150072944,0.0667808575825795
664,513235,1659.0235313529015,0.03848005161838375
665,513236,1658.9874057460272,0.09271304094144614
666,513237,1653.1823290835596,0.046209591671301876
667,513238,1648.3247294085024,0.07069989475555641
668,513239,1659.4420003375806,0.05881966061388753
669,513240,1647.3958480571769,0.08807510041953324
670,513241,1651.046239555269,0.0853715793647665
671,513242,1660.598937941525,0.07621778581938976
672,513243,1663.4281806293445,0.0757060468138252
673,513244,1650.9668178589566,0.06468055479467352
674,513245,1658.0604410993865,0.056195031551847234
675,513246,1666.5156080019806,0.05577200496570098
676,513247,1648.7610429008541,0.08154845784880484
677,513249,1650.7249496990644,0.0907849383707855
678,513250,1659.8506938345859,0.05180742568630083
679,513251,1649.2877992090007,0.057867572568059925
680,513252,1659.382212340885,0.055457953401777026
681,513253,1645.8265764992657,0.061243298776554655
682,513254,1643.4173942169666,0.08996403476310723
683,513255,1648.8257239463906,0.06271442763395343
684,513256,1646.4056646233512,0.09634066127038748
685,513257,1644.4767142592596,0.06771825684784215
686,513259,1658.0998918496891,0.0646765718275598
687,513260,1657.2190447730882,0.06933283913022406
688,513261,1653.6382468985369,0.05350518004685775
689,513262,1652.806110202762,0.06262003174204273
690,513263,1647.1863465129518,0.09248286363396167
691,513264,1650.9706975210584,0.10015342500491557
692,513265,1653.1789221517333,0.08760892549017615
693,513266,1642.0843401906743,0.09175067558663018
694,513267,1648.749914599063,0.042910978512551656
695,513268,1653.3265503934892,0.05647201220356865
696,513269,1648.3651461064878,0.0903584302548136
697,513270,1655.337821568812,0.06991710362178795
698,513271,1647.4943127590295,0.05512755321280868
699,513272,1654.5359235457406,0.054998226987701536
700,513273,1660.0737595150201,0.06437889328432211
701,513274,1654.1457298907571,0.06870504652412965
702,513275,1646.8118528205723,0.0646463111622862
703,513278,1643.0680227658459,0.061332552467555854
704,513281,1662.4362764417144,0.0864826836597441
705,513282,1656.1415013583835,0.07360374510104284
706,513283,1654.1299016034675,0.088162960299518
707,513284,1659.345094461672,0.07246930091753828
708,513285,1660.8381697970715,0.06892036403042308
709,513286,1664.8631909500143,0.0508104893955608
710,513287,1652.3627187012137,0.05581645553244049
711,513288,1647.4403628310108,0.04154321813021688
712,513289,1654.1522845065829,0.04885851804389167
713,513290,1649.3365156004616,0.0628434243855332
714,513292,1657.1940215351515,0.035745697847458444
715,513293,1639.5561489296913,0.08588003640077456
716,513294,1648.7734727557208,0.10487599087249075
717,513297,1655.891576965938,0.09699179557425638
718,513299,1654.4354668321776,0.07791282015071724
719,513301,1657.4092490117096,0.07264648744809891
720,513302,1650.080961630691,0.10690778087055483
721,513303,1647.7189349298187,0.06892154638640899
722,513304,1652.277898705663,0.06849794091321217
723,513305,1653.917372468429,0.09714814330648577
724,513307,1653.6346028461023,0.06957643309017285
725,513309,1663.0248480893476,0.061164518317970186
726,513310,1651.567177707714,0.06878060337171718
727,513311,1651.0570175497764,0.06946966935856402
728,513313,1652.0390793821098,0.05677478046048902
729,513316,1649.181554976062,0.08271320049756099
730,513317,1647.1178575878328,0.2659572259701888
731,513318,1666.534005120652,0.07007129154764677
732,513319,1652.3106954341695,0.0688452695488256
733,513320,1647.9533045087392,0.10481017191790284
734,513321,1644.552791755249,0.10447532264345571
735,513322,1647.4094313160972,0.09754554805857532
736,513323,1653.931176752799,0.08977623186433784
737,513324,1655.131423510626,0.07168407162182948
738,513325,1656.840092756304,0.06805147722995454
739,513326,1655.7599214438696,0.055222138780806104
740,513327,1631.7105474860612,0.10512231887446724
741,513328,1654.2160244554334,0.05866469917818398
742,513330,1647.4220312242874,0.07154598310614593
743,513331,1642.4906993605555,0.08245384188554675
744,513332,1654.6466541225561,0.06336304025654885
745,513333,1647.6025835379057,0.08073343481301383
746,513334,1652.3249999066677,0.052037091377287216
747,513335,1651.001746505991,0.06843645388427379
748,513336,1641.3074482809766,0.14217002717121424
749,513337,1655.799909538373,0.07281249884824145
750,513338,1644.4295831823586,0.07757392996612783
751,513339,1654.2216108422836,0.08787153404280248
752,513341,1650.3626959595788,0.08668711176873725
753,513342,1652.1828205555703,0.09027972934549527
754,513344,1636.7620440873422,0.2576556764728246
755,513345,1650.5458888912658,0.09424256442288567
756,513346,1652.5424484551247,0.06831698691727847
757,513347,1647.7238372790796,0.08321835341506248
758,513348,1662.3681629422256,0.06827416208587102
759,513349,1657.0061135596443,0.07530939877257359
760,513350,1652.2319942338602,0.09539450003870265
761,513351,1663.3777092995497,0.09591330154112512
762,513352,1648.7591160808006,0.0885291861589472
763,513354,1658.0367999481803,0.07014346053335534
764,513357,1652.442530877669,0.0885773985303148
765,513358,1646.6927877159867,0.08254851055955634
766,513359,1658.0932613913083,0.0727334846500707
767,513360,1651.2577593595292,0.0820755622774189
768,513361,1650.570923218963,0.058439434078524574
769,513362,1655.2229804052122,0.05686637797606747
770,513363,1652.796212589197,0.08562600557005304
771,513364,1650.835778557073,0.057351769033732354
772,513365,1647.5888207141622,0.07480333185728238
773,513366,1650.0510759706603,0.0782813895499859
774,513367,1640.5238847591654,0.046622838176542905
775,513369,1667.0078062265907,0.05299709236007997
776,513370,1663.8328788692422,0.06376692137426945
777,513371,1663.6716674956217,0.05212597989307596
778,513372,1664.66296457488,0.06046716458582141
779,513374,1660.5262463472368,0.0503037439795544
